{
  "products": [
    {
      "id": "1",
      "title": "Classic Love Letter",
      "handle": "classic-love-letter",
      "description": "A heartfelt handwritten letter expressing deep love and affection",
      "price": "$25.00",
      "image": "/images/love-letter-1.jpg",
      "collection": "Love Letters",
      "available": true
    },
    {
      "id": "2", 
      "title": "Thank You Letter",
      "handle": "thank-you-letter",
      "description": "Express your gratitude with this beautifully crafted letter",
      "price": "$20.00",
      "image": "/images/thank-you-letter.jpg", 
      "collection": "Gratitude Collection",
      "available": true
    },
    {
      "id": "3",
      "title": "Encouragement Letter",
      "handle": "encouragement-letter", 
      "description": "An uplifting letter to provide comfort during difficult times",
      "price": "$22.00",
      "image": "/images/encouragement-letter.jpg",
      "collection": "Encouragement Letters", 
      "available": true
    },
    {
      "id": "4",
      "title": "Congratulations Letter",
      "handle": "congratulations-letter",
      "description": "Celebrate achievements with this joyful letter",
      "price": "$24.00", 
      "image": "/images/congratulations-letter.jpg",
      "collection": "Love Letters",
      "available": true
    }
  ]
}