{
  "id": "2",
  "name": "Gratitude Collection",
  "slug": "gratitude",
  "description": "Letters expressing heartfelt appreciation and thankfulness. Perfect for showing someone how much they mean to you.",
  "image_url": "/images/gratitude-collection.jpg",
  "price": "22.00",
  "price_range": "$15 - $30",
  "letter_count": 4,
  "letters": [
    {
      "id": "gratitude-1",
      "title": "Thank You Letter",
      "description": "Express your heartfelt gratitude",
      "image_url": "/images/thank-you-letter.jpg", 
      "price": "20.00",
      "sample_text": "I wanted to take a moment...",
      "available": true
    },
    {
      "id": "gratitude-2", 
      "title": "Appreciation Letter",
      "description": "Show someone how much you value them",
      "image_url": "/images/appreciation-letter.jpg",
      "price": "22.00", 
      "sample_text": "Your kindness has touched my heart...",
      "available": true
    }
  ],
  "shopify_product_id": "gid://shopify/Product/123456790"
}