{
  "id": "1",
  "name": "Love Letters",
  "slug": "love-letters", 
  "description": "Heartfelt letters expressing love and affection. Each letter in this collection is carefully crafted to express deep emotions and meaningful connections.",
  "image_url": "/images/love-collection.jpg",
  "price": "25.00",
  "price_range": "$20 - $35",
  "letter_count": 5,
  "letters": [
    {
      "id": "love-1",
      "title": "Classic Love Letter",
      "description": "A timeless expression of love and devotion",
      "image_url": "/images/love-letter-1.jpg", 
      "price": "25.00",
      "sample_text": "My dearest...",
      "available": true
    },
    {
      "id": "love-2", 
      "title": "Romantic Anniversary Letter",
      "description": "Celebrate your special day with heartfelt words",
      "image_url": "/images/love-letter-2.jpg",
      "price": "28.00", 
      "sample_text": "On this special day...",
      "available": true
    }
  ],
  "shopify_product_id": "gid://shopify/Product/123456789"
}